,Name,Branch,Salary,Age,Company Name,Position,Bonus,Final Salary
0,Ansh,B.Tech,25000,25,Google,Softwere Engineer,7500,32500
1,Shiva,B.Tech,23000,23,Google,Web Developer,6900,29900
2,Yash,B.Tech,24000,24,Google,Management,7200,31200
3,Harsh,B.Tech,23000,23,Google,Team Leader,6900,29900
4,Harshit,B.Tech,25000,25,Google,CEO,7500,32500
5,Vansh,B.Tech,26000,26,Google,Head of the management,7800,33800
6,Ankit,B.Tech,500000,28,Google,Machin Engineer,8400,36400
7,Tushar,BCA,96000,96,Google,Reader,28800,124800
8,xyz,BBA,21000,36,Deloite,Writer,6300,27300
